{"cameraMode":{"drawMode":0,"name":"Shaded","section":"Shading Mode"},"sceneLighting":true,"audioPlay":false,"sceneViewState":{"showFog":true,"showMaterialUpdate":false,"showSkybox":true,"showFlares":true,"showImageEffects":true,"showParticleSystems":true},"in2DMode":false,"pivot":{"x":0.035772837698459628,"y":4.398270606994629,"z":-1.2053875923156739},"rotation":{"x":0.37464267015457156,"y":0.0013868720270693303,"z":-0.000527780270203948,"w":0.9272012114524841},"size":10.111570358276368,"orthographic":false}