{"cameraMode":{"drawMode":0,"name":"Shaded","section":"Shading Mode"},"sceneLighting":true,"audioPlay":false,"sceneViewState":{"showFog":true,"showMaterialUpdate":false,"showSkybox":true,"showFlares":true,"showImageEffects":true,"showParticleSystems":true},"in2DMode":false,"pivot":{"x":0.4576852023601532,"y":0.4944761395454407,"z":0.15516792237758637},"rotation":{"x":0.5727073550224304,"y":0.006148192100226879,"z":-0.004295308142900467,"w":0.8197264671325684},"size":4.038547515869141,"orthographic":true}