{"cameraMode":{"drawMode":0,"name":"Shaded","section":"Shading Mode"},"sceneLighting":false,"audioPlay":false,"sceneViewState":{"showFog":true,"showMaterialUpdate":false,"showSkybox":false,"showFlares":true,"showImageEffects":true,"showParticleSystems":true},"in2DMode":false,"pivot":{"x":2.024231195449829,"y":2.8618814945220949,"z":0.6499425768852234},"rotation":{"x":0.7111957669258118,"y":-0.014958156272768975,"z":0.015164338983595372,"w":0.7027102112770081},"size":22.0,"orthographic":true}